"","team","nGames","points","perGame","avgTimeouts","conversionRate"
"1","BAL",2,44,22,1.75,0.37
"2","BUF",2,55,27.5,2.25,0.44
"3","CLE",1,14,14,2,0.41
"4","DAL",1,32,32,1,0.62
"5","DET",3,86,28.67,3,0.42
"6","GB",2,69,34.5,2,0.6
"7","HOU",2,55,27.5,2,0.37
"8","KC",4,95,23.75,2.38,0.37
"9","LA",1,23,23,2,0.35
"10","MIA",1,7,7,1.5,0.26
"11","PHI",1,9,9,1.5,0.26
"12","PIT",1,17,17,1.5,0.43
"13","SF",3,80,26.67,2.67,0.49
"14","TB",2,55,27.5,2.5,0.33
